ID,Tipo,SKU,"GTIN, UPC, EAN, o ISBN",Nome,Pubblicato,In primo piano?,Visibilità nel catalogo,Breve descrizione,Descrizione,Data di partenza del prezzo in saldo,Data in cui termina l'offerta,Stato delle imposte,Aliquota di imposta,In stock?,Magazzino,Quantità in magazzino bassa,Abilita gli ordini arretrati?,Venduto singolarmente?,Peso (kg),Lunghezza (cm),Larghezza (cm),Altezza (cm),Permetti le recensioni clienti?,Nota di acquisto,Prezzo in offerta,Prezzo di listino,Categorie,Tag,Classe di spedizione,Immagine,Limite di download,Scarica i giorni di scadenza,Genitore,Prodotti raggruppati,Up-sell,Cross-sell,URL esterno,Testo del pulsante,Posizione,Marchi
,external,605970014-A,,Lavello in diorite 50 cm - trattato,1,0,visible,"Lavello in pietra dorite grigio scura con esterno a spacco su tre lati e lato posteriore a taglio. Finitura interna levigata fine opaca, angoli arrotondati e trattamento idrorepellente. <br> Con o senza foro per il rubinetto di diametro 3.5 cm. <br>Foro di scarico per piletta standard da 1-1/4''. Pendenza per il foro di scarico. <br><br>Disponibili inoltre:
<ul>
         <li>sostegni in ferro battuto</li>
         <li>rubinetteria in ottone</li>
</ul>","Lavello scavato da un unico blocco di diorite naturale. Materiale autentico e di alta qualità. Estremamente resistente e durevole nel tempo, offre prestazioni superiori rispetto a marmo e pietra comune. Perfetto per giardini, porticati, lavanderie, taverne, cucine rustiche e ambienti dal fascino naturale.  Ideale per installazioni sia interne che esterne. Ogni pezzo presenta caratteristiche uniche della pietra naturale.",,,taxable,,1,,1,0,0,40,50,40,18,0,,,316,"Arredamento da Esterno > Lavelli rustici, Arredamento da Esterno","esterno, lavello, granito, giardino, lavandino, vasca, vaschetta, scolapiatti, sgocciolatoio",,"https://mondopietra.it/wp-content/uploads/2025/08/lavello-lavandino-cucina-50-1-1-1.jpg, https://mondopietra.it/wp-content/uploads/2022/08/piletta_e_sifone.jpg, https://mondopietra.it/wp-content/uploads/2022/09/piletta.jpg",,,,,,,https://www.subito.it/arredamento-casalinghi/lavello-lavandino-per-cucina-in-pietra-60cm-2-lodi-605970014.htm,,0,
,external,607210079,,Lavello in granito 50 cm,1,0,visible,"Lavello in granito grigio, rosa o beige con esterno a spacco su tre lati e lato posteriore a taglio. Vasca con finitura levigata opaca. <br> Con foro o senza (solo grigio) foro per il rubinetto diametro 3.5 cm. <br>Foro di scarico per piletta standard da 1-1/4''. Pendenza per il foro di scarico. <br><br>Disponibili inoltre:
<ul>
         <li>paraschizzi in granito</li>
         <li>sostegni in granito o ferro battuto</li>
         <li>rubinetteria in ottone</li>
</ul>","Lavello scavato da un unico blocco di granito naturale. Materiale autentico e di alta qualità. Estremamente resistente e durevole nel tempo, offre prestazioni superiori rispetto a marmo e pietra comune. Perfetto per giardini, porticati, lavanderie, taverne, cucine rustiche e ambienti dal fascino naturale.  Ideale per installazioni sia interne che esterne. Ogni pezzo presenta caratteristiche uniche della pietra naturale.",,,taxable,,1,,1,0,0,55,50,35,18,0,,,195,"Arredamento da Esterno > Lavelli rustici, Arredamento da Esterno","esterno, lavello, granito, giardino, lavandino, vasca, vaschetta",,"https://mondopietra.it/wp-content/uploads/2022/08/50_1.jpg, https://mondopietra.it/wp-content/uploads/2022/08/piletta_e_sifone.jpg, https://mondopietra.it/wp-content/uploads/2022/09/piletta.jpg, https://mondopietra.it/wp-content/uploads/2026/06/sostegni-granito-coppia.png, https://mondopietra.it/wp-content/uploads/2026/06/monosostegni.png, https://mondopietra.it/wp-content/uploads/2026/06/sostegni-ferro-battuto.png",,,,,,,https://www.subito.it/giardino-fai-da-te/lavello-lavandino-in-pietra-granito-50-cm-lodi-607210079.htm,,0,
,external,609031012,,Lavello in diorite 50 cm,1,0,visible,"Lavello in granito grigio, rosa o beige con esterno a spacco su tre lati e lato posteriore a taglio. Vasca con finitura finemente levigata, trattamento idrorepellente, angoli arrotondati. <br> Con foro o senza (solo grigio) foro per il rubinetto diametro 3.5 cm. <br>Foro di scarico per piletta standard da 1-1/4''. Pendenza per il foro di scarico. <br><br>Disponibili inoltre:
<ul>
         <li>sostegni in ferro battuto</li>
         <li>rubinetteria in ottone</li>
</ul>","Lavello scavato da un unico blocco di granito naturale. Materiale autentico e di alta qualità. Estremamente resistente e durevole nel tempo, offre prestazioni superiori rispetto a marmo e pietra comune. Perfetto per giardini, porticati, lavanderie, taverne, cucine rustiche e ambienti dal fascino naturale.  Ideale per installazioni sia interne che esterne. Ogni pezzo presenta caratteristiche uniche della pietra naturale.",,,taxable,,1,,1,0,0,45,50,35,18,0,,,288,"Arredamento da Esterno > Lavelli rustici, Arredamento da Esterno","esterno, lavello, diorite, giardino, lavandino, vasca, vaschetta",,"https://mondopietra.it/wp-content/uploads/2025/08/lavello-lavandino-cucina-50-1-14.jpg, https://mondopietra.it/wp-content/uploads/2025/08/lavello-lavandino-cucina-50-1-15.jpg, https://mondopietra.it/wp-content/uploads/2025/08/lavello-lavandino-cucina-50-1-8-1.jpg, https://mondopietra.it/wp-content/uploads/2025/08/lavello-lavandino-cucina-50-1-7-1.jpg,https://mondopietra.it/wp-content/uploads/2022/08/piletta_e_sifone.jpg, https://mondopietra.it/wp-content/uploads/2022/09/piletta.jpg, https://mondopietra.it/wp-content/uploads/2026/06/sostegni-ferro-battuto.png",,,,,,,https://www.subito.it/arredamento-casalinghi/lavello-lavandino-per-cucina-in-pietra-granito-50-lodi-609031012.htm,,0,
,external,607194507,,Lavello in granito 60 cm,1,0,visible,"Lavello in granito grigio o rosa, con esterno a spacco su tre lati e lato posteriore a taglio. Vasca con finitura levigata opaca. <br> Con foro o senza (solo grigio) foro per il rubinetto diametro 3.5 cm. <br>Foro di scarico per piletta standard da 1-1/4''. Pendenza per il foro di scarico. <br><br>Disponibili inoltre:
<ul>
         <li>paraschizzi in granito</li>
         <li>sostegni in granito o ferro battuto</li>
         <li>rubinetteria in ottone</li>
</ul>","Lavello scavato da un unico blocco di granito naturale. Materiale autentico e di alta qualità. Estremamente resistente e durevole nel tempo, offre prestazioni superiori rispetto a marmo e pietra comune. Perfetto per giardini, porticati, lavanderie, taverne, cucine rustiche e ambienti dal fascino naturale.  Ideale per installazioni sia interne che esterne. Ogni pezzo presenta caratteristiche uniche della pietra naturale.",,,taxable,,1,,1,0,0,60,60,40,20,0,,,270,"Arredamento da Esterno > Lavelli rustici, Arredamento da Esterno","esterno, lavello, granito, giardino, lavandino, vasca, vaschetta",,"https://mondopietra.it/wp-content/uploads/2022/03/60_con_foro_grigio.png,https://mondopietra.it/wp-content/uploads/2026/06/83a2a3a7-c43b-4b4c-90e7-7ebdbc33c728.png, https://mondopietra.it/wp-content/uploads/2022/08/piletta_e_sifone.jpg, https://mondopietra.it/wp-content/uploads/2022/09/piletta.jpg, https://mondopietra.it/wp-content/uploads/2026/06/sostegni-granito-coppia.png, https://mondopietra.it/wp-content/uploads/2026/06/monosostegni.png, https://mondopietra.it/wp-content/uploads/2026/06/sostegni-ferro-battuto.png",,,,,,,https://www.subito.it/giardino-fai-da-te/lavello-lavandino-in-pietra-granito-60-cm-lodi-607194507.htm,,0,
,external,639161109,,Lavello in granito beige 60 cm - trattato,1,0,visible,"Lavello in granito grigio beige con esterno a spacco su tre lati e lato posteriore a taglio. Finitura interna levigata fine opaca, angoli arrotondati e trattamento idrorepellente. <br> Con foro per il rubinetto diametro 3.5 cm. <br>Foro di scarico per piletta standard da 1-1/4''. Pendenza per il foro di scarico. <br><br>Disponibili inoltre:
<ul>
         <li>paraschizzi in granito</li>
         <li>sostegni in granito o ferro battuto</li>
         <li>rubinetteria in ottone</li>
</ul>","Lavello scavato da un unico blocco di granito naturale. Materiale autentico e di alta qualità. Estremamente resistente e durevole nel tempo, offre prestazioni superiori rispetto a marmo e pietra comune. Perfetto per giardini, porticati, lavanderie, taverne, cucine rustiche e ambienti dal fascino naturale.  Ideale per installazioni sia interne che esterne. Ogni pezzo presenta caratteristiche uniche della pietra naturale.",,,taxable,,1,,1,0,0,60,60,40,20,0,,,389,"Arredamento da Esterno > Lavelli rustici, Arredamento da Esterno","esterno, lavello, granito, giardino, lavandino, vasca, vaschetta",,"https://mondopietra.it/wp-content/uploads/2025/08/lavello-lavandino-cucina-60-11-10.jpg, https://mondopietra.it/wp-content/uploads/2022/08/piletta_e_sifone.jpg, https://mondopietra.it/wp-content/uploads/2022/09/piletta.jpg, https://mondopietra.it/wp-content/uploads/2026/06/sostegni-granito-coppia.png, https://mondopietra.it/wp-content/uploads/2026/06/monosostegni.png, https://mondopietra.it/wp-content/uploads/2026/06/sostegni-ferro-battuto.png",,,,,,,https://www.subito.it/arredamento-casalinghi/lavello-lavandino-per-cucina-pietra-granito-60-4-lodi-639161109.htm,,0,
,external,605970014-B,,Lavello in diorite 60 cm - trattato,1,0,visible,"Lavello in pietra dorite grigio scura con esterno a spacco su tre lati e lato posteriore a taglio. Finitura interna levigata fine opaca, angoli arrotondati e trattamento idrorepellente. <br> Con o senza foro per il rubinetto di diametro 3.5 cm. <br>Foro di scarico per piletta standard da 1-1/4''. Pendenza per il foro di scarico. <br><br>Disponibili inoltre:
<ul>
         <li>sostegni in ferro battuto</li>
         <li>rubinetteria in ottone</li>
</ul>","Lavello scavato da un unico blocco di diorite naturale. Materiale autentico e di alta qualità. Estremamente resistente e durevole nel tempo, offre prestazioni superiori rispetto a marmo e pietra comune. Perfetto per giardini, porticati, lavanderie, taverne, cucine rustiche e ambienti dal fascino naturale.  Ideale per installazioni sia interne che esterne. Ogni pezzo presenta caratteristiche uniche della pietra naturale.",,,taxable,,1,,1,0,0,60,60,40,20,0,,,389,"Arredamento da Esterno > Lavelli rustici, Arredamento da Esterno","esterno, lavello, granito, giardino, lavandino, vasca, vaschetta, scolapiatti, sgocciolatoio",,"https://mondopietra.it/wp-content/uploads/2025/08/lavello-lavandino-cucina-50-1-15.jpg, https://mondopietra.it/wp-content/uploads/2022/08/piletta_e_sifone.jpg, https://mondopietra.it/wp-content/uploads/2022/09/piletta.jpg",,,,,,,https://www.subito.it/arredamento-casalinghi/lavello-lavandino-per-cucina-in-pietra-60cm-2-lodi-605970014.htm,,0,
,external,611571528,,Lavello in granito 80 cm - trattato,1,0,visible,"Lavello in granito grigio o beige con esterno a spacco su tre lati e lato posteriore a taglio. Vasca internamente finemente levigata, angoli arrotondati, con il trattamento idrorepellente.. <br> Senza foro per il rubinetto.<br>Foro di scarico per piletta standard da 1-1/4''. Pendenza per il foro di scarico. <br><br>Disponibili inoltre:
<ul>
         <li>paraschizzi in granito</li>
         <li>sostegni in granito o ferro battuto</li>
         <li>rubinetteria in ottone</li>
</ul>","Lavello scavato da un unico blocco di granito naturale. Materiale autentico e di alta qualità. Estremamente resistente e durevole nel tempo, offre prestazioni superiori rispetto a marmo e pietra comune. Perfetto per giardini, porticati, lavanderie, taverne, cucine rustiche e ambienti dal fascino naturale.  Ideale per installazioni sia interne che esterne. Ogni pezzo presenta caratteristiche uniche della pietra naturale.",,,taxable,,1,,1,0,0,88,80,45,22,0,,,470,"Arredamento da Esterno > Lavelli rustici, Arredamento da Esterno","esterno, lavello, granito, giardino, lavandino, vasca, vaschetta",,"https://mondopietra.it/wp-content/uploads/2025/08/lavello-lavandino-cucina-80-5-7.jpg, https://mondopietra.it/wp-content/uploads/2022/08/piletta_e_sifone.jpg, https://mondopietra.it/wp-content/uploads/2022/09/piletta.jpg",,,,,,,https://www.subito.it/arredamento-casalinghi/lavello-lavandino-per-cucina-pietra-granito-80-3-lodi-611571528.htm,,0,
,external,607112141,,Lavello in granito grigio 70 cm,1,0,visible,"Lavello in granito grigio o rosa con esterno a spacco su tre lati e lato posteriore a taglio. Finitura interna levigata opaca. <br> Con foro per il rubinetto diametro 3.5 cm. <br> Foro di scarico per piletta standard da 1-1/4''. Pendenza per il foro di scarico. <br><br>Disponibili inoltre:
<ul>
         <li>paraschizzi in granito</li>
         <li>sostegni in granito o ferro battuto</li>
         <li>rubinetteria in ottone</li>
</ul>","Lavello scavato da un unico blocco di granito naturale. Materiale autentico e di alta qualità. Estremamente resistente e durevole nel tempo, offre prestazioni superiori rispetto a marmo e pietra comune. Perfetto per giardini, porticati, lavanderie, taverne, cucine rustiche e ambienti dal fascino naturale.  Ideale per installazioni sia interne che esterne. Ogni pezzo presenta caratteristiche uniche della pietra naturale.",,,taxable,,1,,1,0,0,110,70,45,22,0,,,395,"Arredamento da Esterno > Lavelli rustici, Arredamento da Esterno","esterno, lavello, granito, giardino, lavandino, vasca, vaschetta",,"https://mondopietra.it/wp-content/uploads/2026/06/c8148927-a35d-4de8-ac99-0d2336c38055.png,https://mondopietra.it/wp-content/uploads/2026/06/0bad6019-81a5-42c7-bad5-52fbdc4a08b6.png, https://mondopietra.it/wp-content/uploads/2022/09/piletta.jpg, https://mondopietra.it/wp-content/uploads/2022/08/piletta_e_sifone.jpg, https://mondopietra.it/wp-content/uploads/2026/06/sostegni-granito-coppia.png, https://mondopietra.it/wp-content/uploads/2026/06/monosostegni.png, https://mondopietra.it/wp-content/uploads/2026/06/sostegni-ferro-battuto.png",,,,,,,https://www.subito.it/giardino-fai-da-te/lavello-lavandino-in-pietra-granito-70-cm-1-lodi-607112141.htm,,0,
,external,649368936-G,,Lavello in granito grigio 70 cm - trattato,1,0,visible,"Lavello in granito grigio con esterno a spacco su tre lati e lato posteriore a taglio. Finitura interna levigata fine opaca, angoli arrotondati e trattamento idrorepellente. <br> Senza foro per il rubinetto. <br>Foro di scarico per piletta standard da 1-1/4''. Pendenza per il foro di scarico. <br><br>Disponibili inoltre:
<ul>
         <li>paraschizzi in granito</li>
         <li>sostegni in granito o ferro battuto</li>
         <li>rubinetteria in ottone</li>
</ul>","Lavello scavato da un unico blocco di granito naturale. Materiale autentico e di alta qualità. Estremamente resistente e durevole nel tempo, offre prestazioni superiori rispetto a marmo e pietra comune. Perfetto per giardini, porticati, lavanderie, taverne, cucine rustiche e ambienti dal fascino naturale.  Ideale per installazioni sia interne che esterne. Ogni pezzo presenta caratteristiche uniche della pietra naturale.",,,taxable,,1,,1,0,0,85,70,45,22,0,,,389,"Arredamento da Esterno > Lavelli rustici, Arredamento da Esterno","esterno, lavello, granito, giardino, lavandino, vasca, vaschetta",,"https://mondopietra.it/wp-content/uploads/2026/06/70-trattato-grigio.png, https://mondopietra.it/wp-content/uploads/2022/09/piletta.jpg, https://mondopietra.it/wp-content/uploads/2022/08/piletta_e_sifone.jpg, https://mondopietra.it/wp-content/uploads/2026/06/sostegni-granito-coppia.png, https://mondopietra.it/wp-content/uploads/2026/06/monosostegni.png, https://mondopietra.it/wp-content/uploads/2026/06/sostegni-ferro-battuto.png",,,,,,,https://www.subito.it/giardino-fai-da-te/lavello-lavandino-in-pietra-granito-70-cm-2-lodi-649368936.htm?utm_medium=referral&utm_source=subito&utm_campaign=free-engagement-ad_detail,,0,
,external,649368936-R,,Lavello in granito rosa 70 cm - trattato,1,0,visible,"Lavello in granito rosa con esterno a spacco su tre lati e lato posteriore a taglio. Finitura interna levigata fine opaca, angoli arrotondati e trattamento idrorepellente. <br> Senza foro per il rubinetto. <br>Foro di scarico per piletta standard da 1-1/4''. Pendenza per il foro di scarico. <br><br>Disponibili inoltre:
<ul>
         <li>paraschizzi in granito</li>
         <li>sostegni in granito o ferro battuto</li>
         <li>rubinetteria in ottone</li>
</ul>","Lavello scavato da un unico blocco di granito naturale. Materiale autentico e di alta qualità. Estremamente resistente e durevole nel tempo, offre prestazioni superiori rispetto a marmo e pietra comune. Perfetto per giardini, porticati, lavanderie, taverne, cucine rustiche e ambienti dal fascino naturale.  Ideale per installazioni sia interne che esterne. Ogni pezzo presenta caratteristiche uniche della pietra naturale.",,,taxable,,1,,1,0,0,85,70,45,22,0,,,445,"Arredamento da Esterno > Lavelli rustici, Arredamento da Esterno","esterno, lavello, granito, giardino, lavandino, vasca, vaschetta",,"https://mondopietra.it/wp-content/uploads/2026/06/70-trattato-grigio.png, https://mondopietra.it/wp-content/uploads/2022/08/piletta_e_sifone.jpg, https://mondopietra.it/wp-content/uploads/2022/09/piletta.jpg, https://mondopietra.it/wp-content/uploads/2026/06/sostegni-granito-coppia.png, https://mondopietra.it/wp-content/uploads/2026/06/monosostegni.png, https://mondopietra.it/wp-content/uploads/2026/06/sostegni-ferro-battuto.png",,,,,,,https://www.subito.it/giardino-fai-da-te/lavello-lavandino-in-pietra-granito-70-cm-2-lodi-649368936.htm?utm_medium=referral&utm_source=subito&utm_campaign=free-engagement-ad_detail,,0,
,external,649368936-B,,Lavello in granito beige 70 cm - trattato,1,0,visible,"Lavello in granito beige con esterno a spacco su tre lati e lato posteriore a taglio. Finitura interna levigata fine opaca, angoli arrotondati e trattamento idrorepellente. <br> Senza foro per il rubinetto. <br>Foro di scarico per piletta standard da 1-1/4''. Pendenza per il foro di scarico. <br><br>Disponibili inoltre:
<ul>
         <li>paraschizzi in granito</li>
         <li>sostegni in granito o ferro battuto</li>
         <li>rubinetteria in ottone</li>
</ul>","Lavello scavato da un unico blocco di granito naturale. Materiale autentico e di alta qualità. Estremamente resistente e durevole nel tempo, offre prestazioni superiori rispetto a marmo e pietra comune. Perfetto per giardini, porticati, lavanderie, taverne, cucine rustiche e ambienti dal fascino naturale.  Ideale per installazioni sia interne che esterne. Ogni pezzo presenta caratteristiche uniche della pietra naturale.",,,taxable,,1,,1,0,0,85,70,45,22,0,,,515,"Arredamento da Esterno > Lavelli rustici, Arredamento da Esterno","esterno, lavello, granito, giardino, lavandino, vasca, vaschetta",,"https://mondopietra.it/wp-content/uploads/2026/06/70-trattato-grigio.png, https://mondopietra.it/wp-content/uploads/2022/08/piletta_e_sifone.jpg, https://mondopietra.it/wp-content/uploads/2022/09/piletta.jpg, https://mondopietra.it/wp-content/uploads/2026/06/sostegni-granito-coppia.png, https://mondopietra.it/wp-content/uploads/2026/06/monosostegni.png, https://mondopietra.it/wp-content/uploads/2026/06/sostegni-ferro-battuto.png",,,,,,,https://www.subito.it/giardino-fai-da-te/lavello-lavandino-in-pietra-granito-70-cm-2-lodi-649368936.htm?utm_medium=referral&utm_source=subito&utm_campaign=free-engagement-ad_detail,,0,
,external,605866355-70,,Lavello in diorite 70 cm - trattato,1,0,visible,"Lavello in diorite grigio scuro con esterno a spacco su tre lati e lato posteriore a taglio. Finitura interna levigata fine opaca, angoli arrotondati e trattamento idrorepellente. <br> Con o senza foro per il rubinetto. <br>Versione con foro per il rubinetto: peso 95 kg, euro 540.<br>Foro di scarico per piletta standard da 1-1/4''. Pendenza per il foro di scarico. <br><br>Disponibili inoltre:
<ul>
         <li>paraschizzi in granito</li>
         <li>sostegni in granito o ferro battuto</li>
         <li>rubinetteria in ottone</li>
</ul>","Lavello scavato da un unico blocco di diorite naturale. Materiale autentico e di alta qualità. Estremamente resistente e durevole nel tempo, offre prestazioni superiori rispetto a marmo e pietra comune. Perfetto per giardini, porticati, lavanderie, taverne, cucine rustiche e ambienti dal fascino naturale.  Ideale per installazioni sia interne che esterne. Ogni pezzo presenta caratteristiche uniche della pietra naturale.",,,taxable,,1,,1,0,0,82,70,45,22,0,,,525,"Arredamento da Esterno > Lavelli rustici, Arredamento da Esterno","esterno, lavello, granito, giardino, lavandino, vasca, vaschetta, diorite",,"https://mondopietra.it/wp-content/uploads/2026/06/70-trattato-diorite.png, https://mondopietra.it/wp-content/uploads/2026/06/lavello-70-trattato-diorite-1.png,https://mondopietra.it/wp-content/uploads/2022/08/piletta_e_sifone.jpg, https://mondopietra.it/wp-content/uploads/2022/09/piletta.jpg, https://mondopietra.it/wp-content/uploads/2026/06/sostegni-ferro-battuto.png",,,,,,,https://www.subito.it/arredamento-casalinghi/lavello-lavandino-per-cucina-in-pietra-70-80-90cm-lodi-605866355.htm,,0,
,external,452510306,,Lavello in granito 80 cm,1,0,visible,"Lavello in granito grigio o beige con esterno a spacco su tre lati e lato posteriore a taglio. Vasca con finitura levigata opaca. <br> Con foro per il rubinetto diametro 3.5 cm. <br>Foro di scarico per piletta standard da 1-1/4''. Pendenza per il foro di scarico. <br><br>Disponibili inoltre:
<ul>
         <li>paraschizzi in granito</li>
         <li>sostegni in granito o ferro battuto</li>
         <li>rubinetteria in ottone</li>
</ul>","Lavello scavato da un unico blocco di granito naturale. Materiale autentico e di alta qualità. Estremamente resistente e durevole nel tempo, offre prestazioni superiori rispetto a marmo e pietra comune. Perfetto per giardini, porticati, lavanderie, taverne, cucine rustiche e ambienti dal fascino naturale.  Ideale per installazioni sia interne che esterne. Ogni pezzo presenta caratteristiche uniche della pietra naturale.",,,taxable,,1,,1,0,0,125,80,45,22,0,,,480,"Arredamento da Esterno > Lavelli rustici, Arredamento da Esterno","esterno, lavello, granito, giardino, lavandino, vasca, vaschetta",,"https://mondopietra.it/wp-content/uploads/2023/07/lavello-80-con-foro-1.png, https://mondopietra.it/wp-content/uploads/2022/08/piletta_e_sifone.jpg, https://mondopietra.it/wp-content/uploads/2022/09/piletta.jpg",,,,,,,https://www.subito.it/giardino-fai-da-te/lavello-lavandino-con-scolapiatti-in-pietra-80-90-lodi-641828484.htm,,0,
,external,641828484-80,,Lavello in granito 80 cm con sgocciolatoio,1,0,visible,"Lavello in granito grigio, rosa o beige con esterno a spacco su tre lati e lato posteriore a taglio. Vasca con finitura levigata opaca. <br> Con sgocciolatoio e foro per il rubinetto diametro 3.5 cm. <br>Foro di scarico per piletta standard da 1-1/4''. Pendenza per il foro di scarico. <br><br>Disponibili inoltre:
<ul>
         <li>paraschizzi in granito</li>
         <li>sostegni in granito o ferro battuto</li>
         <li>rubinetteria in ottone</li>
</ul>","Lavello scavato da un unico blocco di granito naturale. Materiale autentico e di alta qualità. Estremamente resistente e durevole nel tempo, offre prestazioni superiori rispetto a marmo e pietra comune. Perfetto per giardini, porticati, lavanderie, taverne, cucine rustiche e ambienti dal fascino naturale.  Ideale per installazioni sia interne che esterne. Ogni pezzo presenta caratteristiche uniche della pietra naturale.",,,taxable,,1,,1,0,0,110,80,45,22,0,,,540,"Arredamento da Esterno > Lavelli rustici, Arredamento da Esterno","esterno, lavello, granito, giardino, lavandino, vasca, vaschetta, scolapiatti, sgocciolatoio",,"https://mondopietra.it/wp-content/uploads/2026/06/80x45_trattato_grigio.png, https://mondopietra.it/wp-content/uploads/2026/06/80x45_trattato-_rosa.png,https://mondopietra.it/wp-content/uploads/2026/06/80x45_beige_trattato.png,https://mondopietra.it/wp-content/uploads/2022/08/piletta_e_sifone.jpg, https://mondopietra.it/wp-content/uploads/2022/09/piletta.jpg, https://mondopietra.it/wp-content/uploads/2026/06/sostegni-granito-coppia.png",,,,,,,https://www.subito.it/giardino-fai-da-te/lavello-lavandino-con-scolapiatti-in-pietra-80-90-lodi-641828484.htm,,0,
,external,642948410,,Lavello in granito beige 90 cm con sgocciolatoio - trattato,1,0,visible,"Lavello in granito grigio scuro con esterno a spacco su tre lati e lato posteriore a taglio. Finitura interna levigata fine opaca, angoli arrotondati e trattamento idrorepellente. <br> Con sgocciolatoio e foro per il rubinetto diametro 3.5 cm. <br>Foro di scarico per piletta standard da 1-1/4''. Pendenza per il foro di scarico. <br><br>Disponibili inoltre:
<ul>
         <li>paraschizzi in granito</li>
         <li>sostegni in granito o ferro battuto</li>
         <li>rubinetteria in ottone</li>
</ul>","Lavello scavato da un unico blocco di granito naturale. Materiale autentico e di alta qualità. Estremamente resistente e durevole nel tempo, offre prestazioni superiori rispetto a marmo e pietra comune. Perfetto per giardini, porticati, lavanderie, taverne, cucine rustiche e ambienti dal fascino naturale.  Ideale per installazioni sia interne che esterne. Ogni pezzo presenta caratteristiche uniche della pietra naturale.",,,taxable,,1,,1,0,0,150,90,50,22,0,,,796,"Arredamento da Esterno > Lavelli rustici, Arredamento da Esterno","esterno, lavello, granito, giardino, lavandino, vasca, vaschetta, scolapiatti, sgocciolatoio",,"https://mondopietra.it/wp-content/uploads/2026/06/lavello-granito-beige-90-con-sgocciolatoio-trattato.png, https://mondopietra.it/wp-content/uploads/2026/06/lavello-granito-beige-90-con-sgocciolatoio-trattato-1.png, https://mondopietra.it/wp-content/uploads/2026/06/lavello-granito-beige-90-con-sgocciolatoio-trattato-2.png,https://mondopietra.it/wp-content/uploads/2022/08/piletta_e_sifone.jpg, https://mondopietra.it/wp-content/uploads/2022/09/piletta.jpg, https://mondopietra.it/wp-content/uploads/2026/06/sostegni-granito-coppia.png,https://mondopietra.it/wp-content/uploads/2026/06/sostegni-ferro-battuto.png",,,,,,,https://www.subito.it/arredamento-casalinghi/lavello-lavandino-per-cucina-in-pietra-granito-90-lodi-642948410.htm?utm_medium=referral&utm_source=subito&utm_campaign=free-engagement-ad_detail,,0,
,external,641828484-90,,Lavello in granito 90 cm con sgocciolatoio,1,0,visible,"Lavello in granito grigio, rosa o beige con esterno a spacco su tre lati e lato posteriore a taglio. Vasca con finitura levigata opaca. <br> Con sgocciolatoio e foro per il rubinetto diametro 3.5 cm. <br>Foro di scarico per piletta standard da 1-1/4''. Pendenza per il foro di scarico. <br><br>Disponibili inoltre:
<ul>
         <li>paraschizzi in granito</li>
         <li>sostegni in granito o ferro battuto</li>
         <li>rubinetteria in ottone</li>
</ul>","Lavello scavato da un unico blocco di granito naturale. Materiale autentico e di alta qualità. Estremamente resistente e durevole nel tempo, offre prestazioni superiori rispetto a marmo e pietra comune. Perfetto per giardini, porticati, lavanderie, taverne, cucine rustiche e ambienti dal fascino naturale.  Ideale per installazioni sia interne che esterne. Ogni pezzo presenta caratteristiche uniche della pietra naturale.",,,taxable,,1,,1,0,0,140,90,50,22,0,,,654,"Arredamento da Esterno > Lavelli rustici, Arredamento da Esterno","esterno, lavello, granito, giardino, lavandino, vasca, vaschetta, scolapiatti, sgocciolatoio",,"https://mondopietra.it/wp-content/uploads/2026/06/90x50_grigio_trattato.png, https://mondopietra.it/wp-content/uploads/2022/08/piletta_e_sifone.jpg, https://mondopietra.it/wp-content/uploads/2022/09/piletta.jpg, https://mondopietra.it/wp-content/uploads/2026/06/sostegni-granito-coppia.png",,,,,,,https://www.subito.it/giardino-fai-da-te/lavello-lavandino-con-scolapiatti-in-pietra-80-90-lodi-641828484.htm,,0,
,external,612271277-B,,Lavello in granito beige 100 cm con sgocciolatoio - trattato,1,0,visible,"Lavello in granito grigio beige con esterno a spacco su tre lati e lato posteriore a taglio. Finitura interna levigata fine opaca, angoli arrotondati e trattamento idrorepellente. <br> Con sgocciolatoio. Senza foro per il rubinetto <br>Foro di scarico per piletta standard da 1-1/4''. Pendenza per il foro di scarico. <br><br>Disponibili inoltre:
<ul>
         <li>paraschizzi in granito</li>
         <li>sostegni in granito o ferro battuto</li>
         <li>rubinetteria in ottone</li>
</ul>","Lavello scavato da un unico blocco di granito naturale. Materiale autentico e di alta qualità. Estremamente resistente e durevole nel tempo, offre prestazioni superiori rispetto a marmo e pietra comune. Perfetto per giardini, porticati, lavanderie, taverne, cucine rustiche e ambienti dal fascino naturale.  Ideale per installazioni sia interne che esterne. Ogni pezzo presenta caratteristiche uniche della pietra naturale.",,,taxable,,1,,1,0,0,140,100,45,22,0,,,796,"Arredamento da Esterno > Lavelli rustici, Arredamento da Esterno","esterno, lavello, granito, giardino, lavandino, vasca, vaschetta, scolapiatti, sgocciolatoio",,"https://mondopietra.it/wp-content/uploads/2026/06/lavello-100-beige-trattato.png, https://mondopietra.it/wp-content/uploads/2026/06/lavello-100-beige-trattato-2.png, https://mondopietra.it/wp-content/uploads/2026/06/lavello-100-beige-trattato-1.png, https://mondopietra.it/wp-content/uploads/2022/08/piletta_e_sifone.jpg, https://mondopietra.it/wp-content/uploads/2022/09/piletta.jpg",,,,,,,https://www.subito.it/arredamento-casalinghi/lavello-lavandino-per-cucina-pietra-granito-100-3-lodi-612271277.htm,,0,
,external,612271277-D,,Lavello in diorite 100 cm con sgocciolatoio - trattato,1,0,visible,"Lavello in pietra dorite grigio scura con esterno a spacco su tre lati e lato posteriore a taglio. Finitura interna levigata fine opaca, angoli arrotondati e trattamento idrorepellente. <br> Con sgocciolatoio. Con o senza foro per il rubinetto. La versione con il foro per il rubinetto: euro 806. <br>Foro di scarico per piletta standard da 1-1/4''. Pendenza per il foro di scarico. <br><br>Disponibili inoltre:
<ul>
         <li>paraschizzi in granito</li>
         <li>sostegni in granito o ferro battuto</li>
         <li>rubinetteria in ottone</li>
</ul>","Lavello scavato da un unico blocco di granito naturale. Materiale autentico e di alta qualità. Estremamente resistente e durevole nel tempo, offre prestazioni superiori rispetto a marmo e pietra comune. Perfetto per giardini, porticati, lavanderie, taverne, cucine rustiche e ambienti dal fascino naturale.  Ideale per installazioni sia interne che esterne. Ogni pezzo presenta caratteristiche uniche della pietra naturale.",,,taxable,,1,,1,0,0,140,100,45,22,0,,,796,"Arredamento da Esterno > Lavelli rustici, Arredamento da Esterno","esterno, lavello, granito, giardino, lavandino, vasca, vaschetta, scolapiatti, sgocciolatoio",,"https://mondopietra.it/wp-content/uploads/2026/06/lavello-100-diorite-trattato.png, https://mondopietra.it/wp-content/uploads/2026/06/lavello-100-diorite-trattato-1.png,https://mondopietra.it/wp-content/uploads/2026/06/lavello-100-diorite-trattato-2.png,https://mondopietra.it/wp-content/uploads/2022/08/piletta_e_sifone.jpg, https://mondopietra.it/wp-content/uploads/2022/09/piletta.jpg",,,,,,,https://www.subito.it/arredamento-casalinghi/lavello-lavandino-per-cucina-pietra-granito-100-3-lodi-612271277.htm,,0,
,external,610615818,,Lavello in granito beige 120 cm con sgocciolatoio - trattato,1,0,visible,"Lavello in granito grigio beige con esterno a spacco su tre lati e lato posteriore a taglio. Finitura interna levigata fine opaca, angoli arrotondati e trattamento idrorepellente. <br> Con sgocciolatoio. Con o senza foro per il rubinetto diametro 3.5 cm (+30€).<br>Foro di scarico per piletta standard da 3''. Pendenza per il foro di scarico. <br><br>Disponibili inoltre:
<ul>
         <li>paraschizzi in granito</li>
         <li>sostegni in granito o ferro battuto</li>
         <li>rubinetteria in ottone</li>
</ul>","Lavello scavato da un unico blocco di granito naturale. Materiale autentico e di alta qualità. Estremamente resistente e durevole nel tempo, offre prestazioni superiori rispetto a marmo e pietra comune. Perfetto per giardini, porticati, lavanderie, taverne, cucine rustiche e ambienti dal fascino naturale.  Ideale per installazioni sia interne che esterne. Ogni pezzo presenta caratteristiche uniche della pietra naturale.",,,taxable,,1,,1,0,0,220,120,60,22,0,,,1163,"Arredamento da Esterno > Lavelli rustici, Arredamento da Esterno","esterno, lavello, granito, giardino, lavandino, vasca, vaschetta, scolapiatti, sgocciolatoio",,https://mondopietra.it/wp-content/uploads/2026/06/07b5b135-eada-4395-b2e3-46fc11c3cffb.png,,,,,,,https://www.subito.it/arredamento-casalinghi/lavello-lavandino-cucina-in-pietra-granito-120cm-lodi-610615818.htm,,0,
,external,501830581,,Fontana a muro a goccia in granito,1,0,visible,"Fontana in granito grigio, composta da 3 parti: base, vasca e paraschizzi con foro per il rubinetto. La vasca ha dimensioni 43x29xh18 cm e possiede due fori di diametro 1 cm. L'altezza del bordo vasca è 67 cm. Il foro del rubinetto si trova a un'altezza di 95 cm. La fontana è alta in totale 110 cm. <br> Disponibile rubinetteria in ottone.","Fontana ricavata da blocchi di granito naturale, materiale autentico e di alta qualità. Estremamente resistente e durevole nel tempo, offre prestazioni superiori rispetto a marmo e pietra comune. Perfetto per giardini, porticati, lavanderie, taverne, cucine rustiche e ambienti dal fascino naturale.  Ideale per installazioni esterne. Ogni pezzo presenta caratteristiche uniche della pietra naturale.",,,taxable,,1,,1,0,0,70,43,29,110,0,,,250,"Arredamento da Esterno > Fontane, Arredamento da Esterno","esterno, fontana, granito, pietra, giardino, piazza, goccia",,https://mondopietra.it/wp-content/uploads/2023/07/IMG_8806.jpeg,,,,,,,https://www.subito.it/giardino-fai-da-te/fontana-a-muro-parete-in-pietra-granito-lodi-501830581.htm,,0,
,external,494598113,,Fontana grande circolare in granito rosa con rubinetto,1,0,visible,"Fontana in granito rosa di forma circolare, scavata da un massello di pietra autentica. Inclusa di rubinetto in ottobe brunito con filetto 3/4'M per attacco della canna dell'acqua. Robusta e massiccia. <br> Dimensioni fontana in granito: 68x68xh35 cm. Diametro del foro per il rubinetto: 5 cm. Altezza con rubinetto: 110 cm.<br> Solo fontana: €480","Fontana ricavata da un unico blocco di granito naturale, materiale autentico e di alta qualità. Estremamente resistente e durevole nel tempo, offre prestazioni superiori rispetto a marmo e pietra comune. Perfetto per giardini, porticati, lavanderie, taverne, cucine rustiche e ambienti dal fascino naturale.  Ideale per installazioni esterne. Ogni pezzo presenta caratteristiche uniche della pietra naturale.",,,taxable,,1,,1,0,0,,68,68,110,0,,,630,"Arredamento da Esterno > Fontane, Arredamento da Esterno","esterno, fontana, granito, pietra, giardino, piazza",,"https://mondopietra.it/wp-content/uploads/2023/05/Fontana-in-granito-1.jpeg, https://mondopietra.it/wp-content/uploads/2023/05/Fontana-in-granito-4.jpeg, https://mondopietra.it/wp-content/uploads/2023/05/Fontana-in-granito-6.jpeg",,,,,,,https://www.subito.it/giardino-fai-da-te/fontana-in-pietra-granito-lodi-494598113.htm,,0,
,external,638402202,,Fontana grande in granito rosa,1,0,visible,"Fontana in granito rosa, scavata da un massello di pietra autentica. Robusta e massiccia. <br> Disponibile rubinetteria in ottone.","Fontana ricavata da un unico blocco di granito naturale, materiale autentico e di alta qualità. Estremamente resistente e durevole nel tempo, offre prestazioni superiori rispetto a marmo e pietra comune. Perfetto per giardini, porticati, lavanderie, taverne, cucine rustiche e ambienti dal fascino naturale.  Ideale per installazioni esterne. Ogni pezzo presenta caratteristiche uniche della pietra naturale.",,,taxable,,1,,1,0,0,,60,60,120,0,,,1290,"Arredamento da Esterno > Fontane, Arredamento da Esterno","esterno, fontana, granito, pietra, giardino, piazza",,https://mondopietra.it/wp-content/uploads/2022/03/fontana5x60main.jpg,,,,,,,https://www.subito.it/giardino-fai-da-te/fontana-in-vera-pietra-granito-lodi-638402202.htm,,0,
,external,451493366,,Fontana a mulino in granito grigio,1,0,visible,"Fontana a mulino in granito grigio. Azionata dall'acqua. Composta da 7 elementi, inclusa pompa ad energia solare. <br>Alta in totale 100 cm. Ruota del mulino diametro 30 cm.","Fontana ricavata da blocchi di granito naturale, materiale autentico e di alta qualità. Estremamente resistente e durevole nel tempo, offre prestazioni superiori rispetto a marmo e pietra comune. Perfetto per giardini, porticati, lavanderie, taverne, cucine rustiche e ambienti dal fascino naturale.  Ideale per installazioni esterne. Ogni pezzo presenta caratteristiche uniche della pietra naturale.",,,taxable,,1,,1,0,0,210,77,50,100,0,,,690,"Arredamento da Esterno > Fontane, Arredamento da Esterno","esterno, fontana, granito, pietra, giardino, piazza",,"https://mondopietra.it/wp-content/uploads/2023/05/fontana-mulino-110578.jpeg, https://mondopietra.it/wp-content/uploads/2023/05/fontana-mulino-1010579.jpeg, https://mondopietra.it/wp-content/uploads/2023/05/base_sostegniruota_sostegnicanalina.jpg",,,,,,,https://www.subito.it/giardino-fai-da-te/fontana-mulino-ad-acqua-in-pietra-granito-lodi-451493366.htm,,0,
,external,521558730,,Fontana in granito con orso scolpito,1,0,visible,"Fontana imponente in granito grigio, scavata da un massello di pietra autentica. Robusta e massiccia. <br> Disponibile rubinetteria in ottone.","Fontana ricavata da un unico blocco di granito naturale, materiale autentico e di alta qualità. Estremamente resistente e durevole nel tempo, offre prestazioni superiori rispetto a marmo e pietra comune. Perfetto per giardini, porticati, lavanderie, taverne, cucine rustiche e ambienti dal fascino naturale.  Ideale per installazioni esterne. Ogni pezzo presenta caratteristiche uniche della pietra naturale.",,,taxable,,1,,1,0,0,1500,172,78,104,0,,,2500,"Arredamento da Esterno > Fontane, Arredamento da Esterno","esterno, fontana, granito, pietra, giardino, piazza",,https://mondopietra.it/wp-content/uploads/2023/11/photo_2023-11-25_21-05-53.jpg,,,,,,,https://www.subito.it/giardino-fai-da-te/grande-fontana-di-granito-con-orso-scolpito-lodi-521558730.htm,,0,
,external,607992957,,Fontana mortaio in pietra,1,0,visible,"Particolarissima fontana scavata da un massello di pietra autentica. Ha un foro per inserire un rubinetto, una vasca con foro di scarico e una piccola vaschetta da usare eventualmente come fioriera. Robusta e massiccia. <br> Disponibile rubinetteria in ottone.","Fontana ricavata da un unico blocco di pietra naturale, materiale autentico e di alta qualità. Estremamente resistente e durevole nel tempo, offre prestazioni superiori rispetto a marmo e pietra comune. Perfetto per giardini, porticati, lavanderie, taverne, cucine rustiche e ambienti dal fascino naturale.  Ideale per installazioni esterne. Ogni pezzo presenta caratteristiche uniche della pietra naturale.",,,taxable,,1,,1,0,0,230,74,46,40,0,,,880,"Arredamento da Esterno > Fontane, Arredamento da Esterno","esterno, fontana, granito, pietra, giardino, piazza",,"https://mondopietra.it/wp-content/uploads/2026/06/e7f1cca3-de0e-48bc-9d6a-f3e4204bfdf2.png, https://mondopietra.it/wp-content/uploads/2026/06/d8fc49b9-18d0-43e3-a86d-2ac609386b4c-1.png, https://mondopietra.it/wp-content/uploads/2026/06/80387b78-bb63-4762-8f16-baf15c44c121-1.png",,,,,,,https://www.subito.it/giardino-fai-da-te/fontana-mortaio-antico-in-pietra-lodi-607992957.htm,,0,
,external,501705228,,Fontana componibile in marmo h60 cm,1,0,visible,"Graziosa fontana componibile in marmo di vari colori. Composta da 7 elementi con foro centrale passante di diametro 3 cm. Pietra autentica, no cemento, graniglia o polvere di marmo. Resiste a gelo e intemperie.",Può funzionare con una pompa per il riciclo dell'acqua (eventualmente a energia solare). Impianti idrico ed elettrico esclusi.,,,taxable,,1,,1,0,0,45,30,20,60,0,,,345,"Arredamento da Esterno > Fontane, Arredamento da Esterno","esterno, fontana, marmo, pietra, giardino, piazza",,https://mondopietra.it/wp-content/uploads/2023/07/IMG_0807.jpeg,,,,,,,https://www.subito.it/giardino-fai-da-te/fontana-per-giardino-lodi-501705228.htm,,0,
,external,502170561,,Fioriera in porfido 64 cm,1,0,visible,"Fioriera in porfido rosso, scavata da un unico blocco di pietra. Può essere utilizzata non solo come fioriera ornamentale, ma anche come dissuasore per delimitare aree pedonali, ingressi, parcheggi e spazi pubblici.","La pietra naturale garantisce una lunga durata nel tempo e un'elevata resistenza agli agenti atmosferici. A differenza dei prodotti in cemento, graniglia o polvere di marmo ricostruita, questa fioriera è realizzata in vera pietra naturale e mantiene inalterate le proprie caratteristiche anche dopo anni di esposizione all'esterno.",,,taxable,,1,,1,0,0,65,64,30,20,0,,,180,"Arredamento da Esterno > Vasche e fioriere, Arredamento da Esterno","fioriera, porfido, giardino, fiori, giardinaggio, vasca, vaschetta",,https://mondopietra.it/wp-content/uploads/2023/07/fioriera_porfido_rosso.png,,,,,,,https://www.subito.it/giardino-fai-da-te/fioriera-vaso-in-pietra-porfido-rosso-lodi-502170561.htm,,0,
,external,648983119-A,,Fioriera in granito elegante 50 cm,1,0,visible,"Elegante e resistente fioriera realizzata interamente in granito naturale massello, scavata da un unico blocco di pietra. Grazie al suo elevato peso e alla straordinaria robustezza, può essere utilizzata non solo come fioriera ornamentale, ma anche come dissuasore per delimitare aree pedonali, ingressi, parcheggi e spazi pubblici.","Il granito naturale garantisce una lunga durata nel tempo e un'elevata resistenza agli agenti atmosferici. A differenza dei prodotti in cemento, graniglia o polvere di marmo ricostruita, questa fioriera è realizzata in vera pietra naturale e mantiene inalterate le proprie caratteristiche anche dopo anni di esposizione all'esterno.",,,taxable,,1,,1,0,0,43,50,25,25,0,,,174,"Arredamento da Esterno > Vasche e fioriere, Arredamento da Esterno","fioriera, granito, giardino, fiori, giardinaggio, vasca, vaschetta",,https://mondopietra.it/wp-content/uploads/2026/06/a88ab44e-1ef1-4aa7-8a06-9a8cb1133670.png,,,,,,,https://www.subito.it/giardino-fai-da-te/fioriere-in-granito-naturale-massello-lodi-648983119.htm,,0,
,external,648983119-B,,Fioriera in granito elegante 80 cm,1,0,visible,"Elegante e resistente fioriera realizzata interamente in granito naturale massello, scavata da un unico blocco di pietra. Grazie al suo elevato peso e alla straordinaria robustezza, può essere utilizzata non solo come fioriera ornamentale, ma anche come dissuasore per delimitare aree pedonali, ingressi, parcheggi e spazi pubblici.","Il granito naturale garantisce una lunga durata nel tempo e un'elevata resistenza agli agenti atmosferici. A differenza dei prodotti in cemento, graniglia o polvere di marmo ricostruita, questa fioriera è realizzata in vera pietra naturale e mantiene inalterate le proprie caratteristiche anche dopo anni di esposizione all'esterno.",,,taxable,,1,,1,0,0,70,80,30,25,0,,,290,"Arredamento da Esterno > Vasche e fioriere, Arredamento da Esterno","fioriera, granito, giardino, fiori, giardinaggio, vasca, vaschetta",,https://mondopietra.it/wp-content/uploads/2026/06/a88ab44e-1ef1-4aa7-8a06-9a8cb1133670.png,,,,,,,https://www.subito.it/giardino-fai-da-te/fioriere-in-granito-naturale-massello-lodi-648983119.htm,,0,
,external,648983119-C,,Fioriera in granito elegante 120 cm,1,0,visible,"Elegante e resistente fioriera realizzata interamente in granito naturale massello, scavata da un unico blocco di pietra. Grazie al suo elevato peso e alla straordinaria robustezza, può essere utilizzata non solo come fioriera ornamentale, ma anche come dissuasore per delimitare aree pedonali, ingressi, parcheggi e spazi pubblici.","Il granito naturale garantisce una lunga durata nel tempo e un'elevata resistenza agli agenti atmosferici. A differenza dei prodotti in cemento, graniglia o polvere di marmo ricostruita, questa fioriera è realizzata in vera pietra naturale e mantiene inalterate le proprie caratteristiche anche dopo anni di esposizione all'esterno.",,,taxable,,1,,1,0,0,145,120,35,30,0,,,495,"Arredamento da Esterno > Vasche e fioriere, Arredamento da Esterno","fioriera, granito, giardino, fiori, giardinaggio, vasca, vaschetta",,https://mondopietra.it/wp-content/uploads/2026/06/a88ab44e-1ef1-4aa7-8a06-9a8cb1133670.png,,,,,,,https://www.subito.it/giardino-fai-da-te/fioriere-in-granito-naturale-massello-lodi-648983119.htm,,0,
,external,613362205-A,,Antica mangiatoia in arenaria 183 cm,1,0,visible,"Antica mangiatoia / abbeveratoio scolpita a mano. Pezzo d'epoca rurale con fori originali per legare gli animali. <br> Perfetta come fioriera, fontana o dissuasore in cortili, giardini e agriturismi.","La superficie conserva splendidi segni di lavorazione manuale e una patina naturale acquisita negli anni. Ideale come elemento decorativo per giardini, cortili, agriturismi, casali o come grande fioriera/fontana di pregio.",,,taxable,,1,,1,0,0,450,183,58,38,0,,,1480,"Arredamento da Esterno > Vasche e fioriere, Arredamento da Esterno","fioriera, granito, giardino, fiori, giardinaggio, vasca, vaschetta, mangiatoia, albi, abbeveratoio, cascina",,https://mondopietra.it/wp-content/uploads/2026/06/abf64b8c-28f8-45fb-aa3a-388e4e5a855e.png,,,,,,,https://www.subito.it/giardino-fai-da-te/antiche-vasche-mangiatoie-abbeveratoi-di-pietra-lodi-613362205.htm,,0,
,external,613362205-B,,Antica mangiatoia in arenaria 216 cm,1,0,visible,"Antica mangiatoia / abbeveratoio scolpita a mano. Pezzo d'epoca rurale con fori originali per legare gli animali. <br> Perfetta come fioriera, fontana o dissuasore in cortili, giardini e agriturismi.","La superficie conserva splendidi segni di lavorazione manuale e una patina naturale acquisita negli anni. Ideale come elemento decorativo per giardini, cortili, agriturismi, casali o come grande fioriera/fontana di pregio.",,,taxable,,1,,1,0,0,1050,216,67,38,0,,,1980,"Arredamento da Esterno > Vasche e fioriere, Arredamento da Esterno","fioriera, granito, giardino, fiori, giardinaggio, vasca, vaschetta, mangiatoia, albi, abbeveratoio, cascina",,https://mondopietra.it/wp-content/uploads/2026/06/5d1da56f-a1c6-45a7-9417-7d1180b7169e.png,,,,,,,https://www.subito.it/giardino-fai-da-te/antiche-vasche-mangiatoie-abbeveratoi-di-pietra-lodi-613362205.htm,,0,
,external,613362205-C,,Antica mangiatoia in arenaria 173 cm,1,0,visible,"Antica mangiatoia / abbeveratoio scolpita a mano. Pezzo d'epoca rurale con fori originali per legare gli animali. <br> Perfetta come fioriera, fontana o dissuasore in cortili, giardini e agriturismi.","La superficie conserva splendidi segni di lavorazione manuale e una patina naturale acquisita negli anni. Ideale come elemento decorativo per giardini, cortili, agriturismi, casali o come grande fioriera/fontana di pregio.",,,taxable,,1,,1,0,0,600,173,63,37,0,,,1180,"Arredamento da Esterno > Vasche e fioriere, Arredamento da Esterno","fioriera, granito, giardino, fiori, giardinaggio, vasca, vaschetta, mangiatoia, albi, abbeveratoio, cascina",,https://mondopietra.it/wp-content/uploads/2026/06/250663b0-9116-4dce-a245-45bb99df557f.png,,,,,,,https://www.subito.it/giardino-fai-da-te/antiche-vasche-mangiatoie-abbeveratoi-di-pietra-lodi-613362205.htm,,0,
,external,642022508,,Lavandino da appoggio in pietra beige,1,0,visible,"Lavandino in pietra naturale beige, ideale per il bagno rustico di lusso. Disponibile rubinetteria in ottone.","Lavabo scavato da un unico blocco di pietra, materiale autentico e di alta qualità. Estremamente resistente e durevole nel tempo, offre prestazioni superiori rispetto a marmo e pietra comune. Ogni pezzo presenta caratteristiche uniche della pietra naturale.",,,taxable,,1,,1,0,0,30,64,45,15,0,,,248,"Arredamento da Interno > Lavelli da bagno, Arredamento da interno","interno, lavello, granito, bagno, lavandino, vasca, vaschetta",,"https://mondopietra.it/wp-content/uploads/2022/07/coppia_singolo.jpg, https://mondopietra.it/wp-content/uploads/2022/09/piletta.jpg",,,,,,,https://www.subito.it/arredamento-casalinghi/lavabo-lavandino-da-appoggio-in-pietra-beige-lodi-642022508.htm,,0,
,external,436834303-A,,Lavandino da appoggio in basalto 60 cm ,1,0,visible,"Lavandino in pietra lavica (basalto) natuale, ideale per il bagno rustico di lusso. <br> Con foro per il rubinetto.<br><br>Disponibile rubinetteria in ottone.","Lavabo scavato da un unico blocco di pietra, materiale autentico e di alta qualità. Estremamente resistente e durevole nel tempo, offre prestazioni superiori rispetto a marmo e pietra comune. Ogni pezzo presenta caratteristiche uniche della pietra naturale.",,,taxable,,1,,1,0,0,,60,54,"13,5",0,,,420,"Arredamento da Interno > Lavelli da bagno, Arredamento da interno","interno, lavello, granito, bagno, lavandino, vasca, vaschetta",,"https://mondopietra.it/wp-content/uploads/2022/07/basalto_L001.jpg,https://mondopietra.it/wp-content/uploads/2026/06/l001.png, https://mondopietra.it/wp-content/uploads/2026/06/l001_1.png,https://mondopietra.it/wp-content/uploads/2022/09/piletta.jpg",,,,,,,https://www.subito.it/giardino-fai-da-te/grande-lavabo-lavandino-in-pietra-lavica-basalto-lodi-436834303.htm,,0,
,external,436834303-B,,Lavandino da appoggio in basalto 75 cm,1,0,visible,"Lavandino in pietra lavica (basalto) natuale, ideale per il bagno rustico di lusso. <br>Disponibile rubinetteria in ottone.","Lavabo scavato da un unico blocco di pietra, materiale autentico e di alta qualità. Estremamente resistente e durevole nel tempo, offre prestazioni superiori rispetto a marmo e pietra comune. Ogni pezzo presenta caratteristiche uniche della pietra naturale.",,,taxable,,1,,1,0,0,,75,53,15,0,,,450,"Arredamento da Interno > Lavelli da bagno, Arredamento da interno","interno, lavello, granito, bagno, lavandino, vasca, vaschetta",,"https://mondopietra.it/wp-content/uploads/2022/07/basalto_L004.jpg, https://mondopietra.it/wp-content/uploads/2022/09/piletta.jpg",,,,,,,https://www.subito.it/giardino-fai-da-te/grande-lavabo-lavandino-in-pietra-lavica-basalto-lodi-436834303.htm,,0,
,external,436834303-C,,Lavandino da appoggio in basalto 73 cm,1,0,visible,"Lavandino in pietra lavica (basalto) natuale, ideale per il bagno rustico di lusso. <br> Con foro per il rubinetto.<br><br>Disponibile rubinetteria in ottone.","Lavabo scavato da un unico blocco di pietra, materiale autentico e di alta qualità. Estremamente resistente e durevole nel tempo, offre prestazioni superiori rispetto a marmo e pietra comune. Ogni pezzo presenta caratteristiche uniche della pietra naturale.",,,taxable,,1,,1,0,0,,73,64,14,0,,,290,"Arredamento da Interno > Lavelli da bagno, Arredamento da interno","interno, lavello, granito, bagno, lavandino, vasca, vaschetta",,"https://mondopietra.it/wp-content/uploads/2026/06/l006.png, https://mondopietra.it/wp-content/uploads/2022/09/piletta.jpg",,,,,,,https://www.subito.it/giardino-fai-da-te/grande-lavabo-lavandino-in-pietra-lavica-basalto-lodi-436834303.htm,,0,
,external,649923708-1,,Lavandino da appoggio in pietra naturale L001,1,0,visible,"Lavandino in pietra natuale, ideale per il bagno rustico di lusso. <br> Superficie interna levigata. <br>Foro di scarico diametro 45 mm per piletta da 1-1/4"". <br><br>Disponibile rubinetteria in ottone.","Porta nel tuo bagno il fascino autentico della natura con questo esclusivo lavabo da appoggio realizzato in pietra naturale massiccia. Ogni pezzo viene ricavato da un unico blocco di pietra e lavorato artigianalmente a mano, mantenendo forme organiche e sfumature uniche che rendono ogni lavabo irripetibile.
Ogni lavabo racconta una storia scolpita dalla natura nel corso dei secoli. Le forme irregolari, le sfumature della pietra e la lavorazione artigianale trasformano un semplice elemento funzionale in un vero complemento d'arredo di design. La superficie interna levigata garantisce praticità e comfort nell'uso quotidiano, mentre l'esterno conserva il carattere autentico della pietra naturale, creando un perfetto equilibrio tra eleganza e rusticità.",,,taxable,,1,,1,0,0,50,59,43,16,0,,,195,"Arredamento da Interno > Lavelli da bagno, Arredamento da interno","interno, lavello, granito, bagno, lavandino, vasca, vaschetta",,"https://mondopietra.it/wp-content/uploads/2026/06/l001-1.png, https://mondopietra.it/wp-content/uploads/2026/06/l001_1-1.png",,,,,,,https://www.subito.it/arredamento-casalinghi/lavabo-lavandino-da-appoggio-in-pietra-naturale-2-lodi-649923708.htm,,0,
,external,649923708-2,,Lavandino da appoggio in pietra naturale L002,1,0,visible,"Lavandino in pietra natuale, ideale per il bagno rustico di lusso. <br> Superficie interna levigata. <br>Foro di scarico diametro 45 mm per piletta da 1-1/4"". <br><br>Disponibile rubinetteria in ottone.","Porta nel tuo bagno il fascino autentico della natura con questo esclusivo lavabo da appoggio realizzato in pietra naturale massiccia. Ogni pezzo viene ricavato da un unico blocco di pietra e lavorato artigianalmente a mano, mantenendo forme organiche e sfumature uniche che rendono ogni lavabo irripetibile.
Ogni lavabo racconta una storia scolpita dalla natura nel corso dei secoli. Le forme irregolari, le sfumature della pietra e la lavorazione artigianale trasformano un semplice elemento funzionale in un vero complemento d'arredo di design. La superficie interna levigata garantisce praticità e comfort nell'uso quotidiano, mentre l'esterno conserva il carattere autentico della pietra naturale, creando un perfetto equilibrio tra eleganza e rusticità.",,,taxable,,1,,1,0,0,32,57,46,15,0,,,189,"Arredamento da Interno > Lavelli da bagno, Arredamento da interno","interno, lavello, granito, bagno, lavandino, vasca, vaschetta",,"https://mondopietra.it/wp-content/uploads/2026/06/l002.png, https://mondopietra.it/wp-content/uploads/2026/06/l002_1.png",,,,,,,https://www.subito.it/arredamento-casalinghi/lavabo-lavandino-da-appoggio-in-pietra-naturale-2-lodi-649923708.htm,,0,
,external,649923708-3,,Lavandino da appoggio in pietra naturale L003,1,0,visible,"Lavandino in pietra natuale, ideale per il bagno rustico di lusso. <br> Superficie interna levigata. <br>Foro di scarico diametro 45 mm per piletta da 1-1/4"". <br><br>Disponibile rubinetteria in ottone.","Porta nel tuo bagno il fascino autentico della natura con questo esclusivo lavabo da appoggio realizzato in pietra naturale massiccia. Ogni pezzo viene ricavato da un unico blocco di pietra e lavorato artigianalmente a mano, mantenendo forme organiche e sfumature uniche che rendono ogni lavabo irripetibile.
Ogni lavabo racconta una storia scolpita dalla natura nel corso dei secoli. Le forme irregolari, le sfumature della pietra e la lavorazione artigianale trasformano un semplice elemento funzionale in un vero complemento d'arredo di design. La superficie interna levigata garantisce praticità e comfort nell'uso quotidiano, mentre l'esterno conserva il carattere autentico della pietra naturale, creando un perfetto equilibrio tra eleganza e rusticità.",,,taxable,,1,,1,0,0,28,57,47,15,0,,,189,"Arredamento da Interno > Lavelli da bagno, Arredamento da interno","interno, lavello, granito, bagno, lavandino, vasca, vaschetta",,https://mondopietra.it/wp-content/uploads/2026/06/l003.png,,,,,,,https://www.subito.it/arredamento-casalinghi/lavabo-lavandino-da-appoggio-in-pietra-naturale-2-lodi-649923708.htm,,0,
,external,649923708-4,,Lavandino da appoggio in pietra naturale L004,1,0,visible,"Lavandino in pietra natuale, ideale per il bagno rustico di lusso. <br> Superficie interna levigata. <br>Foro di scarico diametro 45 mm per piletta da 1-1/4"". <br><br>Disponibile rubinetteria in ottone.","Porta nel tuo bagno il fascino autentico della natura con questo esclusivo lavabo da appoggio realizzato in pietra naturale massiccia. Ogni pezzo viene ricavato da un unico blocco di pietra e lavorato artigianalmente a mano, mantenendo forme organiche e sfumature uniche che rendono ogni lavabo irripetibile.
Ogni lavabo racconta una storia scolpita dalla natura nel corso dei secoli. Le forme irregolari, le sfumature della pietra e la lavorazione artigianale trasformano un semplice elemento funzionale in un vero complemento d'arredo di design. La superficie interna levigata garantisce praticità e comfort nell'uso quotidiano, mentre l'esterno conserva il carattere autentico della pietra naturale, creando un perfetto equilibrio tra eleganza e rusticità.",,,taxable,,1,,1,0,0,59,66,50,15,0,,,198,"Arredamento da Interno > Lavelli da bagno, Arredamento da interno","interno, lavello, granito, bagno, lavandino, vasca, vaschetta",,"https://mondopietra.it/wp-content/uploads/2026/06/l004.png, https://mondopietra.it/wp-content/uploads/2026/06/l004_1.png",,,,,,,https://www.subito.it/arredamento-casalinghi/lavabo-lavandino-da-appoggio-in-pietra-naturale-2-lodi-649923708.htm,,0,
,external,649761971-1,,Lavandino da appoggio in pietra naturale LF001,1,0,visible,"Lavandino in pietra natuale, ideale per il bagno rustico di lusso. <br> Superficie interna levigata. <br>Foro per il rubinetto diametro 3.5 cm. Foro di scarico diametro 45 mm per piletta da 1-1/4"". <br><br>Disponibile rubinetteria in ottone.","Porta nel tuo bagno il fascino autentico della natura con questo esclusivo lavabo da appoggio realizzato in pietra naturale massiccia. Ogni pezzo viene ricavato da un unico blocco di pietra e lavorato artigianalmente a mano, mantenendo forme organiche e sfumature uniche che rendono ogni lavabo irripetibile.
Ogni lavabo racconta una storia scolpita dalla natura nel corso dei secoli. Le forme irregolari, le sfumature della pietra e la lavorazione artigianale trasformano un semplice elemento funzionale in un vero complemento d'arredo di design. La superficie interna levigata garantisce praticità e comfort nell'uso quotidiano, mentre l'esterno conserva il carattere autentico della pietra naturale, creando un perfetto equilibrio tra eleganza e rusticità.",,,taxable,,1,,1,0,0,25,52,40,15,0,,,198,"Arredamento da Interno > Lavelli da bagno, Arredamento da interno","interno, lavello, granito, bagno, lavandino, vasca, vaschetta",,"https://mondopietra.it/wp-content/uploads/2026/06/lf001.png, https://mondopietra.it/wp-content/uploads/2026/06/lf001_2.png, https://mondopietra.it/wp-content/uploads/2026/06/lf001_1.png",,,,,,,https://www.subito.it/arredamento-casalinghi/lavabo-lavandino-da-appoggio-in-pietra-naturale-1-lodi-649761971.htm,,0,
,external,649761971-2,,Lavandino da appoggio in pietra naturale LF002,1,0,visible,"Lavandino in pietra natuale, ideale per il bagno rustico di lusso. <br> Superficie interna levigata. <br>Foro per il rubinetto diametro 3.5 cm. Foro di scarico diametro 45 mm per piletta da 1-1/4"". <br><br>Disponibile rubinetteria in ottone.","Porta nel tuo bagno il fascino autentico della natura con questo esclusivo lavabo da appoggio realizzato in pietra naturale massiccia. Ogni pezzo viene ricavato da un unico blocco di pietra e lavorato artigianalmente a mano, mantenendo forme organiche e sfumature uniche che rendono ogni lavabo irripetibile.
Ogni lavabo racconta una storia scolpita dalla natura nel corso dei secoli. Le forme irregolari, le sfumature della pietra e la lavorazione artigianale trasformano un semplice elemento funzionale in un vero complemento d'arredo di design. La superficie interna levigata garantisce praticità e comfort nell'uso quotidiano, mentre l'esterno conserva il carattere autentico della pietra naturale, creando un perfetto equilibrio tra eleganza e rusticità.",,,taxable,,1,,1,0,0,44,50,43,15,0,,,245,"Arredamento da Interno > Lavelli da bagno, Arredamento da interno","interno, lavello, granito, bagno, lavandino, vasca, vaschetta",,"https://mondopietra.it/wp-content/uploads/2026/06/lf002.png, https://mondopietra.it/wp-content/uploads/2026/06/lf002_1.png",,,,,,,https://www.subito.it/arredamento-casalinghi/lavabo-lavandino-da-appoggio-in-pietra-naturale-1-lodi-649761971.htm,,0,
,external,649761971-3,,Lavandino da appoggio in pietra naturale LF003,1,0,visible,"Lavandino in pietra natuale, ideale per il bagno rustico di lusso. <br> Superficie interna levigata. <br>Foro per il rubinetto diametro 3.5 cm. Foro di scarico diametro 45 mm per piletta da 1-1/4"". <br><br>Disponibile rubinetteria in ottone.","Porta nel tuo bagno il fascino autentico della natura con questo esclusivo lavabo da appoggio realizzato in pietra naturale massiccia. Ogni pezzo viene ricavato da un unico blocco di pietra e lavorato artigianalmente a mano, mantenendo forme organiche e sfumature uniche che rendono ogni lavabo irripetibile.
Ogni lavabo racconta una storia scolpita dalla natura nel corso dei secoli. Le forme irregolari, le sfumature della pietra e la lavorazione artigianale trasformano un semplice elemento funzionale in un vero complemento d'arredo di design. La superficie interna levigata garantisce praticità e comfort nell'uso quotidiano, mentre l'esterno conserva il carattere autentico della pietra naturale, creando un perfetto equilibrio tra eleganza e rusticità.",,,taxable,,1,,1,0,0,31,55,43,15,0,,,220,"Arredamento da Interno > Lavelli da bagno, Arredamento da interno","interno, lavello, granito, bagno, lavandino, vasca, vaschetta",,"https://mondopietra.it/wp-content/uploads/2026/06/lf003.png, https://mondopietra.it/wp-content/uploads/2026/06/lf003_1.png",,,,,,,https://www.subito.it/arredamento-casalinghi/lavabo-lavandino-da-appoggio-in-pietra-naturale-1-lodi-649761971.htm,,0,
,external,649761971-4,,Lavandino da appoggio in pietra naturale LF004,1,0,visible,"Lavandino in pietra natuale, ideale per il bagno rustico di lusso. <br> Superficie interna levigata. <br>Foro per il rubinetto diametro 3.5 cm. Foro di scarico diametro 45 mm per piletta da 1-1/4"". <br><br>Disponibile rubinetteria in ottone.","Porta nel tuo bagno il fascino autentico della natura con questo esclusivo lavabo da appoggio realizzato in pietra naturale massiccia. Ogni pezzo viene ricavato da un unico blocco di pietra e lavorato artigianalmente a mano, mantenendo forme organiche e sfumature uniche che rendono ogni lavabo irripetibile.
Ogni lavabo racconta una storia scolpita dalla natura nel corso dei secoli. Le forme irregolari, le sfumature della pietra e la lavorazione artigianale trasformano un semplice elemento funzionale in un vero complemento d'arredo di design. La superficie interna levigata garantisce praticità e comfort nell'uso quotidiano, mentre l'esterno conserva il carattere autentico della pietra naturale, creando un perfetto equilibrio tra eleganza e rusticità.",,,taxable,,1,,1,0,0,33,50,42,15,0,,,220,"Arredamento da Interno > Lavelli da bagno, Arredamento da interno","interno, lavello, granito, bagno, lavandino, vasca, vaschetta",,"https://mondopietra.it/wp-content/uploads/2026/06/lf004.png, https://mondopietra.it/wp-content/uploads/2026/06/lf004_1.png",,,,,,,https://www.subito.it/arredamento-casalinghi/lavabo-lavandino-da-appoggio-in-pietra-naturale-1-lodi-649761971.htm,,0,
,external,635189622,,Piastrelle di travertino giallo persiano spazzolato,1,0,visible,"Piastrelle di travertino giallo persiano di origine iraniana. Il travertino è di colore giallo intenso. Si tratta di un materiale pregiato.<br> Superficie spazzolata. <br> Singola piastrella: dimensioni cm 30x15xsp1.2 <br> Peso: 30.5 kg/mq <br><br> Lotto da 6.21 mq, 138 pezzi. <br> Intero lotto €230 (€37/mq)","Piastrelle di travertino naturale. Non si tratta di cemento, graniglia o polvere di marmo. Ideali per pavimenti e rivestimenti sia da interno che da esterno.",,,taxable,,1,,1,0,0,,30,15,"1,2",0,,,37,Edilizia > Piastrelle,"edilizia, piastrelle, travertino, giallo, persiano, pavimento, rivestimento",,"https://mondopietra.it/wp-content/uploads/2026/06/giallo_persiano_1.png, https://mondopietra.it/wp-content/uploads/2026/06/giallo_persiano_3.png, https://mondopietra.it/wp-content/uploads/2026/06/giallo_persiano_2.png",,,,,,,https://www.subito.it/giardino-fai-da-te/piastrella-in-travertino-giallo-persiano-lodi-635189622.htm,,0,