Categoria,Tag
Arredamento da Esterno,"esterno, rustico, pietra naturale, giardino"
Arredamento da Esterno > Lavelli rustici,"lavello, lavandino, massello"
Arredamento da Esterno > Vasche e fioriere,"vasca, fioriera, albi, mangiatoia, fiori"
Arredamento da Esterno > Fontane,fontana
Arredamento da Esterno > Lanterne orientali,"lanterna orientale, lanterna giapponese, giapponese, oriente"
Arredamento da Esterno > Panchine,"panchina, seduta"
Arredamento da Esterno > Piatti doccia,"piatto doccia, piatto macina, doccia esterna, doccia"
Arredamento da Esterno > Pozzi,pozzo
Arredamento da Esterno > Tavoli,"tavolo, sedie"
Arredamento da Esterno > Decorazioni in pietra,"decorazione, animale decorativo, statua"
Arredamento da Interno > Lavelli da cucina,"lavello, lavandino, massello"
Arredamento da Interno > Lavelli da bagno,"lavello, lavandino, massello"
